NumThreads,Duration
4,0.276628
8,0.341121
12,0.319315
16,0.295677
20,0.280637
24,0.261701
28,0.246694
32,0.239025
