NumThreads,Duration
4,0.0776123
8,0.074681
12,0.0644765
16,0.0621613
20,0.0617625
24,0.0607072
28,0.0604932
32,0.0605629
