NumThreads,Duration
4,1.13681
8,2.04783
12,2.5029
16,2.90831
20,3.28422
24,3.66585
28,4.04721
32,4.4838
