Height,Runtime
2,0.064990740
3,0.066536666
4,0.066838755
5,0.067713329
6,0.067694664
7,0.068417801
8,0.068637083
9,0.068621500
10,0.069785158
11,0.068529767
12,0.069639328
13,0.068873871
14,0.070016393
15,0.069645734
16,0.069703285
17,0.070401040
18,0.070743378
19,0.069721011
20,0.070973532
21,0.070146030
22,0.070856644
23,0.070998801
24,0.071856566
25,0.072478490
26,0.071942470
27,0.072041967
28,0.072081098
29,0.072874305
30,0.073171203
