Height,Runtime
2,0.245940122
3,0.130667735
4,0.072218802
5,0.051160263
6,0.037046474
7,0.034098968
8,0.033849148
9,0.032773696
10,0.032955530
11,0.032978741
12,0.032805505
13,0.032937468
14,0.032840342
15,0.033027018
16,0.032887259
17,0.032754961
18,0.032900622
19,0.032898540
20,0.032911618
21,0.032988753
22,0.032875577
23,0.032933625
24,0.032964080
25,0.032843370
26,0.032767639
27,0.033080916
28,0.033258663
29,0.032926984
30,0.033551169
