Height,Runtime
2,0.064990740
3,0.066000000
4,0.066200000
5,0.066700000
6,0.067100000
7,0.067600000
8,0.068000000
9,0.068500000
10,0.068900000
11,0.069300000
12,0.069700000
13,0.069900000
14,0.070200000
15,0.070400000
16,0.070700000
17,0.071100000
18,0.071400000
19,0.071600000
20,0.071900000
21,0.072200000
22,0.072500000
23,0.072800000
24,0.073100000
25,0.073300000
26,0.073500000
27,0.073800000
28,0.074100000
29,0.074400000
30,0.074700000
