Height,Runtime
2,0.818014287
3,0.353713830
4,0.174827667
5,0.104026584
6,0.068580244
7,0.054879816
8,0.047604674
9,0.044616870
10,0.041988803
11,0.041785918
12,0.041532055
13,0.041984919
14,0.041975147
15,0.041668109
16,0.042225540
17,0.042911958
18,0.042587029
19,0.042253623
20,0.042964218
21,0.042936807
22,0.043390565
23,0.042700427
24,0.044046049
25,0.043992481
26,0.043456226
27,0.044541096
28,0.044139746
29,0.044765676
30,0.044801014
