Height,Runtime
2,0.818014287
3,0.353713830
4,0.174827667
5,0.104026584
6,0.068580244
7,0.054879816
8,0.047604674
9,0.044616870
10,0.041988803
11,0.041785918
12,0.041532055
13,0.041484919
14,0.041375147
15,0.041268109
16,0.041225540
17,0.040911958
18,0.040587029
19,0.040253623
20,0.039964218
21,0.039836807
22,0.039690565
23,0.039500427
24,0.039346049
25,0.039292481
26,0.039256226
27,0.039141096
28,0.039039746
29,0.038965676
30,0.038801014
