NumThreads,Duration
4,1.916160
8,1.180030
12,0.848857
16,0.662197
20,0.566159
24,0.518683
28,0.407805
32,0.440685
