NumThreads,Duration
4,0.299154
8,0.477290
12,0.555850
16,0.670224
20,0.762987
24,0.890025
28,0.939353
32,0.998419
