NumThreads,Duration
4,0.210477
8,0.184299
12,0.185895
16,0.181139
20,0.174246
24,0.174783
28,0.169157
32,0.163858
